,energy_vs_subspace,all_three,at_least_two
term_249,0.2634989200863931,0.0,0.0
term_252,0.0,0.0,0.0
term_372,0.44836272040302266,0.0,0.0
